device_id,soil_moisture,temp_c,humidity,recorded_at
e7c754b0-6116-4eb7-adfd-cbd097fbfdba,50.1,29.1,54.4,2026-09-28 18:43:06.571760
e7c754b0-6116-4eb7-adfd-cbd097fbfdba,46.1,26.2,65.1,2026-09-28 19:43:06.571760
e7c754b0-6116-4eb7-adfd-cbd097fbfdba,43.5,25.5,69.1,2026-09-28 20:43:06.571760
e7c754b0-6116-4eb7-adfd-cbd097fbfdba,45.6,23.8,73.4,2026-09-28 21:43:06.571760
e7c754b0-6116-4eb7-adfd-cbd097fbfdba,48.9,21.3,75.4,2026-09-28 22:43:06.571760
e7c754b0-6116-4eb7-adfd-cbd097fbfdba,47.2,21.2,82.6,2026-09-28 23:43:06.571760
e7c754b0-6116-4eb7-adfd-cbd097fbfdba,69.1,20.6,83.3,2026-09-29 00:43:06.571760
e7c754b0-6116-4eb7-adfd-cbd097fbfdba,68.4,19.8,82.5,2026-09-29 01:43:06.571760
e7c754b0-6116-4eb7-adfd-cbd097fbfdba,67.4,19.2,80.5,2026-09-29 02:43:06.571760
e7c754b0-6116-4eb7-adfd-cbd097fbfdba,69.6,20.7,83.5,2026-09-29 03:43:06.571760
e7c754b0-6116-4eb7-adfd-cbd097fbfdba,67.2,21.0,79.0,2026-09-29 04:43:06.571760
e7c754b0-6116-4eb7-adfd-cbd097fbfdba,66.2,23.0,73.4,2026-09-29 05:43:06.571760
e7c754b0-6116-4eb7-adfd-cbd097fbfdba,68.9,23.4,69.9,2026-09-29 06:43:06.571760
e7c754b0-6116-4eb7-adfd-cbd097fbfdba,66.9,25.6,68.0,2026-09-29 07:43:06.571760
e7c754b0-6116-4eb7-adfd-cbd097fbfdba,63.9,27.4,60.2,2026-09-29 08:43:06.571760
e7c754b0-6116-4eb7-adfd-cbd097fbfdba,62.8,29.2,58.3,2026-09-29 09:43:06.571760
e7c754b0-6116-4eb7-adfd-cbd097fbfdba,60.5,29.4,52.3,2026-09-29 10:43:06.571760
e7c754b0-6116-4eb7-adfd-cbd097fbfdba,57.8,29.8,51.8,2026-09-29 11:43:06.571760
e7c754b0-6116-4eb7-adfd-cbd097fbfdba,56.0,31.6,50.4,2026-09-29 12:43:06.571760
e7c754b0-6116-4eb7-adfd-cbd097fbfdba,53.6,31.7,48.9,2026-09-29 13:43:06.571760
e7c754b0-6116-4eb7-adfd-cbd097fbfdba,52.6,31.0,50.0,2026-09-29 14:43:06.571760
e7c754b0-6116-4eb7-adfd-cbd097fbfdba,53.1,31.8,52.7,2026-09-29 15:43:06.571760
e7c754b0-6116-4eb7-adfd-cbd097fbfdba,46.4,28.8,50.4,2026-09-29 16:43:06.571760
e7c754b0-6116-4eb7-adfd-cbd097fbfdba,50.4,28.2,55.6,2026-09-29 17:43:06.571760
e7c754b0-6116-4eb7-adfd-cbd097fbfdba,48.1,28.2,58.3,2026-09-29 18:43:12.977305
e7c754b0-6116-4eb7-adfd-cbd097fbfdba,47.9,28.7,60.3,2026-09-29 18:43:23.195856
e7c754b0-6116-4eb7-adfd-cbd097fbfdba,49.8,28.5,59.9,2026-09-29 18:43:33.431238
e7c754b0-6116-4eb7-adfd-cbd097fbfdba,51.7,27.5,59.5,2026-09-29 18:43:43.685952
e7c754b0-6116-4eb7-adfd-cbd097fbfdba,46.6,27.6,60.0,2026-09-29 18:43:53.901054
e7c754b0-6116-4eb7-adfd-cbd097fbfdba,49.1,28.6,56.1,2026-09-29 18:44:04.124220
e7c754b0-6116-4eb7-adfd-cbd097fbfdba,49.6,27.6,58.0,2026-09-29 18:44:14.360803
e7c754b0-6116-4eb7-adfd-cbd097fbfdba,46.0,28.6,62.6,2026-09-29 18:44:24.552838
e7c754b0-6116-4eb7-adfd-cbd097fbfdba,48.0,27.7,57.1,2026-09-29 18:44:34.766036
e7c754b0-6116-4eb7-adfd-cbd097fbfdba,49.5,28.6,60.1,2026-09-29 18:44:45.013407
e7c754b0-6116-4eb7-adfd-cbd097fbfdba,49.1,27.9,62.1,2026-09-29 18:44:55.359409
e7c754b0-6116-4eb7-adfd-cbd097fbfdba,48.4,28.5,59.1,2026-09-29 18:45:05.681609
e7c754b0-6116-4eb7-adfd-cbd097fbfdba,49.0,28.3,58.2,2026-09-29 18:45:15.902934
e7c754b0-6116-4eb7-adfd-cbd097fbfdba,47.6,26.3,59.5,2026-09-29 18:45:26.119402
e7c754b0-6116-4eb7-adfd-cbd097fbfdba,48.7,27.9,57.3,2026-09-29 18:45:36.322874
e7c754b0-6116-4eb7-adfd-cbd097fbfdba,44.8,28.1,57.7,2026-09-29 18:45:46.526177
e7c754b0-6116-4eb7-adfd-cbd097fbfdba,47.7,28.1,58.8,2026-09-29 18:45:56.737589
e7c754b0-6116-4eb7-adfd-cbd097fbfdba,51.0,27.3,60.0,2026-09-29 18:46:06.936706
e7c754b0-6116-4eb7-adfd-cbd097fbfdba,50.2,27.1,59.0,2026-09-29 18:46:17.131878
e7c754b0-6116-4eb7-adfd-cbd097fbfdba,48.9,28.5,61.1,2026-09-29 18:46:27.365027
e7c754b0-6116-4eb7-adfd-cbd097fbfdba,50.1,28.3,59.7,2026-09-29 18:46:37.565867
e7c754b0-6116-4eb7-adfd-cbd097fbfdba,46.5,27.6,60.6,2026-09-29 18:46:47.799929
e7c754b0-6116-4eb7-adfd-cbd097fbfdba,48.2,28.8,61.2,2026-09-29 18:46:58.021965
e7c754b0-6116-4eb7-adfd-cbd097fbfdba,48.9,27.3,58.6,2026-09-29 18:47:08.237054
e7c754b0-6116-4eb7-adfd-cbd097fbfdba,49.1,28.0,60.1,2026-09-29 18:47:18.448652
e7c754b0-6116-4eb7-adfd-cbd097fbfdba,50.3,28.0,62.8,2026-09-29 18:47:28.667396
e7c754b0-6116-4eb7-adfd-cbd097fbfdba,47.9,27.2,58.7,2026-09-29 18:47:38.889858
e7c754b0-6116-4eb7-adfd-cbd097fbfdba,47.0,27.2,59.2,2026-09-29 18:47:49.101153
e7c754b0-6116-4eb7-adfd-cbd097fbfdba,48.2,29.0,60.8,2026-09-29 18:47:59.379070
e7c754b0-6116-4eb7-adfd-cbd097fbfdba,49.5,27.2,59.3,2026-09-29 18:48:09.595594
e7c754b0-6116-4eb7-adfd-cbd097fbfdba,47.6,27.4,61.1,2026-09-29 18:48:19.819076
e7c754b0-6116-4eb7-adfd-cbd097fbfdba,49.1,28.7,62.1,2026-09-29 18:48:30.043976
e7c754b0-6116-4eb7-adfd-cbd097fbfdba,47.6,27.9,57.9,2026-09-29 18:48:40.274748
e7c754b0-6116-4eb7-adfd-cbd097fbfdba,48.7,28.0,58.0,2026-09-29 18:48:50.498481
e7c754b0-6116-4eb7-adfd-cbd097fbfdba,47.8,27.9,59.3,2026-09-29 18:49:00.731308
e7c754b0-6116-4eb7-adfd-cbd097fbfdba,49.7,27.2,61.7,2026-09-29 18:49:11.069643
e7c754b0-6116-4eb7-adfd-cbd097fbfdba,49.9,29.0,60.2,2026-09-29 18:49:21.292242
e7c754b0-6116-4eb7-adfd-cbd097fbfdba,49.4,28.8,63.7,2026-09-29 18:49:31.663788
e7c754b0-6116-4eb7-adfd-cbd097fbfdba,51.6,27.4,59.4,2026-09-29 18:49:41.895664
e7c754b0-6116-4eb7-adfd-cbd097fbfdba,49.7,27.6,60.7,2026-09-29 18:49:52.119936
e7c754b0-6116-4eb7-adfd-cbd097fbfdba,47.0,27.2,61.3,2026-09-29 18:50:02.425001
e7c754b0-6116-4eb7-adfd-cbd097fbfdba,48.4,28.0,59.5,2026-09-29 18:50:12.659579
e7c754b0-6116-4eb7-adfd-cbd097fbfdba,46.7,28.7,59.3,2026-09-29 18:50:22.955642
e7c754b0-6116-4eb7-adfd-cbd097fbfdba,46.8,27.1,62.8,2026-09-29 18:50:33.285316
e7c754b0-6116-4eb7-adfd-cbd097fbfdba,46.5,27.2,57.5,2026-09-29 18:50:43.496246
e7c754b0-6116-4eb7-adfd-cbd097fbfdba,52.0,28.0,55.0,2026-09-29 18:50:53.748520
e7c754b0-6116-4eb7-adfd-cbd097fbfdba,50.1,28.3,60.7,2026-09-29 18:51:04.062844
e7c754b0-6116-4eb7-adfd-cbd097fbfdba,51.3,26.6,59.7,2026-09-29 18:51:14.269632
e7c754b0-6116-4eb7-adfd-cbd097fbfdba,48.3,27.6,61.2,2026-09-29 18:51:24.471833
e7c754b0-6116-4eb7-adfd-cbd097fbfdba,49.2,27.4,63.0,2026-09-29 18:51:34.770541
e7c754b0-6116-4eb7-adfd-cbd097fbfdba,48.6,27.2,60.2,2026-09-29 18:51:44.974706
e7c754b0-6116-4eb7-adfd-cbd097fbfdba,47.2,27.9,57.2,2026-09-29 18:51:55.178037
e7c754b0-6116-4eb7-adfd-cbd097fbfdba,50.1,27.7,64.9,2026-09-29 18:52:05.415659
e7c754b0-6116-4eb7-adfd-cbd097fbfdba,50.9,27.0,59.5,2026-09-29 18:52:15.631448
e7c754b0-6116-4eb7-adfd-cbd097fbfdba,50.1,26.7,59.5,2026-09-29 18:52:25.860565
e7c754b0-6116-4eb7-adfd-cbd097fbfdba,46.8,26.3,58.2,2026-09-29 18:52:36.086773
e7c754b0-6116-4eb7-adfd-cbd097fbfdba,50.2,27.3,60.0,2026-09-29 18:52:46.297447
e7c754b0-6116-4eb7-adfd-cbd097fbfdba,46.8,28.5,57.8,2026-09-29 18:52:56.509339
e7c754b0-6116-4eb7-adfd-cbd097fbfdba,47.1,27.6,59.1,2026-09-29 18:53:06.716695
e7c754b0-6116-4eb7-adfd-cbd097fbfdba,46.5,26.5,63.2,2026-09-29 18:53:16.950644
e7c754b0-6116-4eb7-adfd-cbd097fbfdba,46.8,28.0,54.6,2026-09-29 18:53:27.167367
e7c754b0-6116-4eb7-adfd-cbd097fbfdba,50.5,28.2,58.1,2026-09-29 18:53:37.371394
e7c754b0-6116-4eb7-adfd-cbd097fbfdba,47.3,27.6,59.3,2026-09-29 18:53:47.577859
e7c754b0-6116-4eb7-adfd-cbd097fbfdba,47.9,26.7,59.4,2026-09-29 18:53:57.801369
e7c754b0-6116-4eb7-adfd-cbd097fbfdba,46.0,28.8,57.9,2026-09-29 18:54:08.015239
e7c754b0-6116-4eb7-adfd-cbd097fbfdba,49.4,27.0,59.5,2026-09-29 18:54:18.262546
e7c754b0-6116-4eb7-adfd-cbd097fbfdba,46.4,27.8,63.3,2026-09-29 18:54:28.484001
e7c754b0-6116-4eb7-adfd-cbd097fbfdba,48.6,27.8,60.1,2026-09-29 18:54:38.726699
e7c754b0-6116-4eb7-adfd-cbd097fbfdba,49.5,27.4,59.6,2026-09-29 18:54:48.942040
e7c754b0-6116-4eb7-adfd-cbd097fbfdba,48.9,27.1,58.7,2026-09-29 18:54:59.145241
e7c754b0-6116-4eb7-adfd-cbd097fbfdba,48.4,27.3,60.1,2026-09-29 18:55:09.363314
e7c754b0-6116-4eb7-adfd-cbd097fbfdba,50.3,27.9,58.1,2026-09-29 18:55:19.603564
e7c754b0-6116-4eb7-adfd-cbd097fbfdba,49.5,27.1,61.1,2026-09-29 18:55:29.845879
e7c754b0-6116-4eb7-adfd-cbd097fbfdba,49.2,28.2,60.6,2026-09-29 18:55:40.177739
e7c754b0-6116-4eb7-adfd-cbd097fbfdba,46.9,27.6,62.0,2026-09-29 18:55:50.411062
e7c754b0-6116-4eb7-adfd-cbd097fbfdba,49.3,28.9,58.5,2026-09-29 18:56:00.613881
e7c754b0-6116-4eb7-adfd-cbd097fbfdba,50.3,27.0,60.3,2026-09-29 18:56:23.014645
e7c754b0-6116-4eb7-adfd-cbd097fbfdba,48.2,27.8,59.3,2026-09-29 18:56:33.283958
e7c754b0-6116-4eb7-adfd-cbd097fbfdba,49.9,27.8,61.9,2026-09-29 18:56:43.541752
e7c754b0-6116-4eb7-adfd-cbd097fbfdba,51.4,28.0,59.6,2026-09-29 18:56:53.746190
e7c754b0-6116-4eb7-adfd-cbd097fbfdba,47.4,26.9,58.8,2026-09-29 18:57:04.139357
e7c754b0-6116-4eb7-adfd-cbd097fbfdba,48.2,27.9,59.2,2026-09-29 18:57:14.355938
e7c754b0-6116-4eb7-adfd-cbd097fbfdba,48.3,27.6,60.2,2026-09-29 18:57:24.606757
e7c754b0-6116-4eb7-adfd-cbd097fbfdba,49.1,27.4,61.4,2026-09-29 18:57:34.799084
e7c754b0-6116-4eb7-adfd-cbd097fbfdba,49.2,26.5,61.6,2026-09-29 18:57:45.032916
e7c754b0-6116-4eb7-adfd-cbd097fbfdba,46.9,28.1,64.8,2026-09-29 18:57:55.220988
e7c754b0-6116-4eb7-adfd-cbd097fbfdba,46.5,27.1,60.8,2026-09-29 18:58:05.424476
e7c754b0-6116-4eb7-adfd-cbd097fbfdba,49.7,27.8,64.3,2026-09-29 18:58:15.624554
e7c754b0-6116-4eb7-adfd-cbd097fbfdba,48.5,26.5,58.8,2026-09-29 18:58:25.832318
e7c754b0-6116-4eb7-adfd-cbd097fbfdba,51.3,25.7,61.6,2026-09-29 18:58:36.049831
e7c754b0-6116-4eb7-adfd-cbd097fbfdba,48.0,27.8,61.4,2026-09-29 18:58:46.256543
e7c754b0-6116-4eb7-adfd-cbd097fbfdba,45.6,28.0,59.4,2026-09-29 18:58:56.468946
e7c754b0-6116-4eb7-adfd-cbd097fbfdba,48.3,28.0,62.1,2026-09-29 18:59:06.658590
